"Symfony Parte 1: Criação de uma API Restful";SIM
"Symfony Parte 2: Autenticação e HATEOAS";SIM
"PHP Doctrine: Introdução ao Mapeamento Objeto-Relacional";SIM
"Laravel parte 1: Produtividade no desenvolvimento web";SIM
"Laravel parte 2: Trabalhando com Autenticação, Relacionamentos e Testes";SIM
"Lumen: API Rest com o Micro-framework do Laravel";SIM
"Introdução ao PHP: Primeiros passos com a linguagem";SIM
"Avançando com PHP: Arrays, Strings, Função e Web";SIM
"MVC com PHP: Entenda o padrão Model-View-Controller";SIM
"PHP Composer: Dependências, Autoload e Publicação";SIM
"PHP e TDD : Testes com PHPUnit";SIM
"Curso tal do tal Curso tal do tal";NÃƒO
"Curso tal do tal";NÃƒO
"Curso tal do tal";NÃƒO
q;NÃƒO
"escrevendo no console";NÃƒO
